canton,year,reg_total,ev_reg_count,ev_reg_share
Aargau,2005,40882.0,0.0,0.0
Aargau,2006,41306.0,0.0,0.0
Aargau,2007,43586.0,0.0,0.0
Aargau,2008,43502.0,0.0,0.0
Aargau,2009,40834.0,0.0,0.0
Aargau,2010,45624.0,0.0,0.0
Aargau,2011,52154.0,0.0,0.0
Aargau,2012,52966.0,4.0,0.0075520144998678
Aargau,2013,47258.0,14.0,0.0296246138219983
Aargau,2014,47068.0,47.0,0.0998555281720064
Aargau,2015,50384.0,115.0,0.2282470625595427
Aargau,2016,49572.0,115.0,0.2319857984346001
Aargau,2017,48630.0,132.0,0.27143738433066
Aargau,2018,46516.0,90.0,0.1934818127096053
Aargau,2019,48122.0,470.0,0.9766842608370392
Aargau,2020,37082.0,397.0,1.0706002912464267
Aargau,2021,35902.0,525.0,1.4623140772101832
Aargau,2022,34634.0,663.0,1.91430386325576
Aargau,2023,38218.0,746.0,1.9519598095138415
Aargau,2024,35864.0,824.0,2.297568592460406
Appenzell Ausserrhoden,2005,3240.0,0.0,0.0
Appenzell Ausserrhoden,2006,3074.0,0.0,0.0
Appenzell Ausserrhoden,2007,2992.0,0.0,0.0
Appenzell Ausserrhoden,2008,3206.0,0.0,0.0
Appenzell Ausserrhoden,2009,3010.0,0.0,0.0
Appenzell Ausserrhoden,2010,3524.0,0.0,0.0
Appenzell Ausserrhoden,2011,3704.0,0.0,0.0
Appenzell Ausserrhoden,2012,3916.0,0.0,0.0
Appenzell Ausserrhoden,2013,3834.0,1.0,0.0260824204486176
Appenzell Ausserrhoden,2014,3202.0,1.0,0.0312304809494066
Appenzell Ausserrhoden,2015,3544.0,8.0,0.2257336343115124
Appenzell Ausserrhoden,2016,3362.0,14.0,0.4164187983343247
Appenzell Ausserrhoden,2017,3412.0,13.0,0.3810082063305979
Appenzell Ausserrhoden,2018,3120.0,7.0,0.2243589743589743
Appenzell Ausserrhoden,2019,3124.0,36.0,1.1523687580025608
Appenzell Ausserrhoden,2020,2126.0,25.0,1.175917215428034
Appenzell Ausserrhoden,2021,2176.0,31.0,1.4246323529411764
Appenzell Ausserrhoden,2022,2072.0,47.0,2.2683397683397684
Appenzell Ausserrhoden,2023,2240.0,47.0,2.0982142857142856
Appenzell Ausserrhoden,2024,2102.0,48.0,2.283539486203616
Appenzell Innerrhoden,2005,852.0,0.0,0.0
Appenzell Innerrhoden,2006,886.0,0.0,0.0
Appenzell Innerrhoden,2007,990.0,0.0,0.0
Appenzell Innerrhoden,2008,912.0,0.0,0.0
Appenzell Innerrhoden,2009,958.0,0.0,0.0
Appenzell Innerrhoden,2010,1062.0,0.0,0.0
Appenzell Innerrhoden,2011,1170.0,1.0,0.0854700854700854
Appenzell Innerrhoden,2012,1214.0,0.0,0.0
Appenzell Innerrhoden,2013,1090.0,2.0,0.1834862385321101
Appenzell Innerrhoden,2014,1084.0,2.0,0.1845018450184501
Appenzell Innerrhoden,2015,1276.0,2.0,0.1567398119122257
Appenzell Innerrhoden,2016,1226.0,9.0,0.734094616639478
Appenzell Innerrhoden,2017,1232.0,7.0,0.5681818181818182
Appenzell Innerrhoden,2018,1216.0,2.0,0.1644736842105263
Appenzell Innerrhoden,2019,1216.0,7.0,0.575657894736842
Appenzell Innerrhoden,2020,902.0,3.0,0.3325942350332594
Appenzell Innerrhoden,2021,920.0,7.0,0.7608695652173914
Appenzell Innerrhoden,2022,850.0,10.0,1.1764705882352942
Appenzell Innerrhoden,2023,880.0,16.0,1.818181818181818
Appenzell Innerrhoden,2024,962.0,16.0,1.6632016632016633
Basel-Landschaft,2005,16106.0,0.0,0.0
Basel-Landschaft,2006,16594.0,0.0,0.0
Basel-Landschaft,2007,16958.0,0.0,0.0
Basel-Landschaft,2008,16778.0,0.0,0.0
Basel-Landschaft,2009,15956.0,0.0,0.0
Basel-Landschaft,2010,17490.0,0.0,0.0
Basel-Landschaft,2011,19800.0,0.0,0.0
Basel-Landschaft,2012,19790.0,0.0,0.0
Basel-Landschaft,2013,18040.0,5.0,0.0277161862527716
Basel-Landschaft,2014,16988.0,9.0,0.0529785731104308
Basel-Landschaft,2015,18194.0,49.0,0.2693195558975486
Basel-Landschaft,2016,18330.0,54.0,0.2945990180032733
Basel-Landschaft,2017,17864.0,72.0,0.4030452306314375
Basel-Landschaft,2018,17160.0,53.0,0.3088578088578089
Basel-Landschaft,2019,17900.0,202.0,1.128491620111732
Basel-Landschaft,2020,14126.0,170.0,1.20345462268158
Basel-Landschaft,2021,14146.0,214.0,1.5127951364343275
Basel-Landschaft,2022,13196.0,302.0,2.2885722946347378
Basel-Landschaft,2023,14600.0,360.0,2.4657534246575343
Basel-Landschaft,2024,13520.0,341.0,2.522189349112426
Basel-Stadt,2005,13254.0,0.0,0.0
Basel-Stadt,2006,13716.0,0.0,0.0
Basel-Stadt,2007,15772.0,0.0,0.0
Basel-Stadt,2008,16334.0,0.0,0.0
Basel-Stadt,2009,14100.0,0.0,0.0
Basel-Stadt,2010,16508.0,0.0,0.0
Basel-Stadt,2011,16330.0,0.0,0.0
Basel-Stadt,2012,17096.0,0.0,0.0
Basel-Stadt,2013,17038.0,4.0,0.023476933912431
Basel-Stadt,2014,16332.0,11.0,0.0673524369336272
Basel-Stadt,2015,14928.0,20.0,0.1339764201500536
Basel-Stadt,2016,14906.0,30.0,0.2012612370857373
Basel-Stadt,2017,15352.0,37.0,0.2410109431995831
Basel-Stadt,2018,15522.0,35.0,0.2254864063909289
Basel-Stadt,2019,15684.0,104.0,0.6630961489415965
Basel-Stadt,2020,10268.0,112.0,1.090767432800935
Basel-Stadt,2021,9994.0,111.0,1.110666399839904
Basel-Stadt,2022,7474.0,173.0,2.3146909285523147
Basel-Stadt,2023,9074.0,183.0,2.016751157152304
Basel-Stadt,2024,10016.0,189.0,1.8869808306709264
Bern / Berne,2005,55056.0,0.0,0.0
Bern / Berne,2006,54330.0,0.0,0.0
Bern / Berne,2007,53978.0,0.0,0.0
Bern / Berne,2008,55366.0,0.0,0.0
Bern / Berne,2009,50820.0,0.0,0.0
Bern / Berne,2010,56662.0,1.0,0.0017648512230418
Bern / Berne,2011,64050.0,5.0,0.0078064012490242
Bern / Berne,2012,64966.0,3.0,0.0046178000800418
Bern / Berne,2013,59086.0,21.0,0.0355414142097958
Bern / Berne,2014,58332.0,39.0,0.0668586710553384
Bern / Berne,2015,61954.0,122.0,0.1969202957032637
Bern / Berne,2016,59480.0,142.0,0.2387357094821789
Bern / Berne,2017,58740.0,180.0,0.306435137895812
Bern / Berne,2018,55272.0,107.0,0.1935880735272832
Bern / Berne,2019,58200.0,492.0,0.8453608247422681
Bern / Berne,2020,46022.0,416.0,0.9039155186649862
Bern / Berne,2021,46518.0,512.0,1.100649211058085
Bern / Berne,2022,47692.0,688.0,1.44258995219324
Bern / Berne,2023,49934.0,657.0,1.3157367725397524
Bern / Berne,2024,48526.0,735.0,1.5146519391666324
Bund,2005,1022.0,0.0,0.0
Bund,2006,1160.0,0.0,0.0
Bund,2007,1216.0,0.0,0.0
Bund,2008,1038.0,0.0,0.0
Bund,2009,758.0,0.0,0.0
Bund,2010,1032.0,0.0,0.0
Bund,2011,1016.0,0.0,0.0
Bund,2012,2306.0,0.0,0.0
Bund,2013,2654.0,0.0,0.0
Bund,2014,1610.0,0.0,0.0
Bund,2015,674.0,0.0,0.0
Bund,2016,1430.0,0.0,0.0
Bund,2017,798.0,0.0,0.0
Bund,2018,3034.0,1.0,0.03295978905735
Bund,2019,582.0,0.0,0.0
Bund,2020,712.0,0.0,0.0
Bund,2021,172.0,1.0,0.5813953488372093
Bund,2022,436.0,0.0,0.0
Bund,2023,256.0,0.0,0.0
Bund,2024,250.0,1.0,0.4
Fribourg / Freiburg,2005,17550.0,0.0,0.0
Fribourg / Freiburg,2006,17708.0,0.0,0.0
Fribourg / Freiburg,2007,18978.0,0.0,0.0
Fribourg / Freiburg,2008,19724.0,0.0,0.0
Fribourg / Freiburg,2009,20424.0,0.0,0.0
Fribourg / Freiburg,2010,23118.0,0.0,0.0
Fribourg / Freiburg,2011,26412.0,0.0,0.0
Fribourg / Freiburg,2012,25386.0,0.0,0.0
Fribourg / Freiburg,2013,24854.0,4.0,0.0160939888951476
Fribourg / Freiburg,2014,23246.0,9.0,0.0387163382947603
Fribourg / Freiburg,2015,25572.0,31.0,0.1212263413108086
Fribourg / Freiburg,2016,24352.0,38.0,0.1560446780551905
Fribourg / Freiburg,2017,24102.0,42.0,0.1742593975603684
Fribourg / Freiburg,2018,23182.0,37.0,0.1596065913208524
Fribourg / Freiburg,2019,24210.0,194.0,0.8013217678645188
Fribourg / Freiburg,2020,19318.0,202.0,1.0456569003002385
Fribourg / Freiburg,2021,20952.0,272.0,1.2982054219167622
Fribourg / Freiburg,2022,19410.0,405.0,2.0865533230293662
Fribourg / Freiburg,2023,20846.0,339.0,1.6262112635517605
Fribourg / Freiburg,2024,20082.0,318.0,1.5835076187630712
Genève,2005,30804.0,0.0,0.0
Genève,2006,31650.0,0.0,0.0
Genève,2007,33852.0,0.0,0.0
Genève,2008,31234.0,0.0,0.0
Genève,2009,27908.0,0.0,0.0
Genève,2010,31308.0,0.0,0.0
Genève,2011,33736.0,0.0,0.0
Genève,2012,33330.0,1.0,0.003000300030003
Genève,2013,31216.0,6.0,0.0192209123526396
Genève,2014,29688.0,37.0,0.1246294799245486
Genève,2015,33138.0,93.0,0.280644577222524
Genève,2016,31268.0,98.0,0.3134194703850582
Genève,2017,30700.0,144.0,0.4690553745928339
Genève,2018,28216.0,104.0,0.3685851998865891
Genève,2019,27760.0,328.0,1.181556195965418
Genève,2020,22146.0,373.0,1.684277070351305
Genève,2021,22186.0,431.0,1.9426665464707475
Genève,2022,21038.0,499.0,2.371898469436258
Genève,2023,21482.0,538.0,2.504422307047761
Genève,2024,21648.0,500.0,2.309682187730968
Glarus,2005,2242.0,0.0,0.0
Glarus,2006,2250.0,0.0,0.0
Glarus,2007,2448.0,0.0,0.0
Glarus,2008,2346.0,0.0,0.0
Glarus,2009,2308.0,0.0,0.0
Glarus,2010,2630.0,0.0,0.0
Glarus,2011,2996.0,0.0,0.0
Glarus,2012,3220.0,0.0,0.0
Glarus,2013,3086.0,2.0,0.0648088139987038
Glarus,2014,2712.0,2.0,0.0737463126843657
Glarus,2015,2974.0,6.0,0.2017484868863483
Glarus,2016,2626.0,3.0,0.1142421934501142
Glarus,2017,2732.0,7.0,0.2562225475841874
Glarus,2018,2518.0,5.0,0.1985702938840349
Glarus,2019,2572.0,16.0,0.6220839813374806
Glarus,2020,2058.0,11.0,0.5344995140913509
Glarus,2021,1844.0,29.0,1.572668112798265
Glarus,2022,1826.0,19.0,1.04052573932092
Glarus,2023,2078.0,25.0,1.2030798845043311
Glarus,2024,2118.0,22.0,1.0387157695939566
Graubünden / Grigioni / Grischun,2005,10992.0,0.0,0.0
Graubünden / Grigioni / Grischun,2006,10930.0,0.0,0.0
Graubünden / Grigioni / Grischun,2007,11408.0,0.0,0.0
Graubünden / Grigioni / Grischun,2008,11838.0,0.0,0.0
Graubünden / Grigioni / Grischun,2009,11176.0,0.0,0.0
Graubünden / Grigioni / Grischun,2010,12174.0,0.0,0.0
Graubünden / Grigioni / Grischun,2011,13674.0,2.0,0.0146262980839549
Graubünden / Grigioni / Grischun,2012,14682.0,0.0,0.0
Graubünden / Grigioni / Grischun,2013,12952.0,1.0,0.0077208153180975
Graubünden / Grigioni / Grischun,2014,12572.0,6.0,0.0477251034043907
Graubünden / Grigioni / Grischun,2015,12910.0,42.0,0.3253292021688613
Graubünden / Grigioni / Grischun,2016,13080.0,49.0,0.3746177370030581
Graubünden / Grigioni / Grischun,2017,12662.0,60.0,0.473858790080556
Graubünden / Grigioni / Grischun,2018,12142.0,33.0,0.2717838906275737
Graubünden / Grigioni / Grischun,2019,12684.0,126.0,0.9933774834437088
Graubünden / Grigioni / Grischun,2020,9300.0,95.0,1.021505376344086
Graubünden / Grigioni / Grischun,2021,9502.0,130.0,1.3681330246263943
Graubünden / Grigioni / Grischun,2022,8658.0,157.0,1.8133518133518127
Graubünden / Grigioni / Grischun,2023,9704.0,172.0,1.772464962901896
Graubünden / Grigioni / Grischun,2024,9248.0,178.0,1.9247404844290656
Jura,2005,4828.0,0.0,0.0
Jura,2006,4896.0,0.0,0.0
Jura,2007,5770.0,0.0,0.0
Jura,2008,5642.0,0.0,0.0
Jura,2009,5424.0,0.0,0.0
Jura,2010,6128.0,0.0,0.0
Jura,2011,6476.0,0.0,0.0
Jura,2012,6446.0,0.0,0.0
Jura,2013,6046.0,0.0,0.0
Jura,2014,5760.0,4.0,0.0694444444444444
Jura,2015,6634.0,2.0,0.0301477238468495
Jura,2016,5550.0,5.0,0.09009009009009
Jura,2017,5580.0,12.0,0.2150537634408602
Jura,2018,5576.0,8.0,0.1434720229555237
Jura,2019,5636.0,29.0,0.5145493257629524
Jura,2020,4400.0,22.0,0.5
Jura,2021,4506.0,24.0,0.5326231691078562
Jura,2022,3946.0,42.0,1.0643689812468322
Jura,2023,4636.0,38.0,0.819672131147541
Jura,2024,4136.0,38.0,0.918762088974855
Luzern,2005,20682.0,0.0,0.0
Luzern,2006,21110.0,0.0,0.0
Luzern,2007,22250.0,0.0,0.0
Luzern,2008,23032.0,0.0,0.0
Luzern,2009,21398.0,0.0,0.0
Luzern,2010,24670.0,0.0,0.0
Luzern,2011,27850.0,0.0,0.0
Luzern,2012,29294.0,0.0,0.0
Luzern,2013,26598.0,11.0,0.0413564929693962
Luzern,2014,26148.0,16.0,0.0611901483861098
Luzern,2015,28704.0,73.0,0.2543199554069119
Luzern,2016,27168.0,72.0,0.2650176678445229
Luzern,2017,25896.0,72.0,0.2780352177942539
Luzern,2018,23014.0,51.0,0.2216042408968453
Luzern,2019,24134.0,214.0,0.8867158365791
Luzern,2020,18752.0,181.0,0.9652303754266212
Luzern,2021,19832.0,233.0,1.1748688987494955
Luzern,2022,18768.0,311.0,1.657075873827792
Luzern,2023,21076.0,356.0,1.6891250711710004
Luzern,2024,19734.0,295.0,1.4948819296645384
Neuchâtel,2005,12778.0,0.0,0.0
Neuchâtel,2006,13226.0,0.0,0.0
Neuchâtel,2007,13200.0,0.0,0.0
Neuchâtel,2008,13560.0,0.0,0.0
Neuchâtel,2009,12782.0,0.0,0.0
Neuchâtel,2010,14020.0,0.0,0.0
Neuchâtel,2011,15140.0,1.0,0.0066050198150594
Neuchâtel,2012,15048.0,0.0,0.0
Neuchâtel,2013,14518.0,1.0,0.0068880011020801
Neuchâtel,2014,14206.0,4.0,0.0281571167112487
Neuchâtel,2015,14532.0,8.0,0.0550509221029452
Neuchâtel,2016,13880.0,18.0,0.1296829971181556
Neuchâtel,2017,13592.0,20.0,0.1471453796350794
Neuchâtel,2018,12686.0,11.0,0.0867097587892164
Neuchâtel,2019,13092.0,84.0,0.6416131989000917
Neuchâtel,2020,9268.0,73.0,0.7876564523090203
Neuchâtel,2021,10006.0,100.0,0.9994003597841296
Neuchâtel,2022,9354.0,151.0,1.614282659824674
Neuchâtel,2023,10078.0,114.0,1.1311768207977773
Neuchâtel,2024,9214.0,106.0,1.1504232689385716
Nidwalden,2005,3194.0,0.0,0.0
Nidwalden,2006,3008.0,0.0,0.0
Nidwalden,2007,3094.0,0.0,0.0
Nidwalden,2008,2946.0,0.0,0.0
Nidwalden,2009,2940.0,0.0,0.0
Nidwalden,2010,3376.0,0.0,0.0
Nidwalden,2011,3640.0,0.0,0.0
Nidwalden,2012,3740.0,1.0,0.0267379679144385
Nidwalden,2013,3578.0,3.0,0.0838457238680827
Nidwalden,2014,3262.0,4.0,0.1226241569589209
Nidwalden,2015,3624.0,16.0,0.4415011037527593
Nidwalden,2016,3294.0,13.0,0.3946569520340012
Nidwalden,2017,3336.0,13.0,0.3896882494004796
Nidwalden,2018,2990.0,11.0,0.3678929765886287
Nidwalden,2019,3070.0,34.0,1.1074918566775245
Nidwalden,2020,2354.0,32.0,1.3593882752761255
Nidwalden,2021,2494.0,36.0,1.4434643143544506
Nidwalden,2022,2326.0,43.0,1.8486672398968185
Nidwalden,2023,2588.0,50.0,1.9319938176197835
Nidwalden,2024,2438.0,37.0,1.517637407711239
Obwalden,2005,1782.0,0.0,0.0
Obwalden,2006,1938.0,0.0,0.0
Obwalden,2007,1984.0,0.0,0.0
Obwalden,2008,2038.0,0.0,0.0
Obwalden,2009,2044.0,0.0,0.0
Obwalden,2010,2424.0,0.0,0.0
Obwalden,2011,2538.0,0.0,0.0
Obwalden,2012,2788.0,1.0,0.0358680057388809
Obwalden,2013,2630.0,0.0,0.0
Obwalden,2014,2406.0,5.0,0.2078137988362427
Obwalden,2015,2716.0,4.0,0.1472754050073637
Obwalden,2016,2426.0,9.0,0.3709810387469085
Obwalden,2017,2506.0,11.0,0.4389465283320032
Obwalden,2018,2298.0,10.0,0.4351610095735422
Obwalden,2019,2310.0,18.0,0.7792207792207793
Obwalden,2020,1740.0,20.0,1.1494252873563218
Obwalden,2021,1824.0,22.0,1.2061403508771928
Obwalden,2022,1542.0,20.0,1.297016861219196
Obwalden,2023,1852.0,28.0,1.511879049676026
Obwalden,2024,1792.0,25.0,1.3950892857142858
Schaffhausen,2005,3416.0,0.0,0.0
Schaffhausen,2006,4224.0,0.0,0.0
Schaffhausen,2007,4220.0,0.0,0.0
Schaffhausen,2008,4390.0,0.0,0.0
Schaffhausen,2009,3828.0,0.0,0.0
Schaffhausen,2010,4456.0,0.0,0.0
Schaffhausen,2011,5002.0,0.0,0.0
Schaffhausen,2012,5040.0,0.0,0.0
Schaffhausen,2013,4752.0,2.0,0.042087542087542
Schaffhausen,2014,4182.0,2.0,0.0478240076518412
Schaffhausen,2015,4736.0,7.0,0.147804054054054
Schaffhausen,2016,4638.0,15.0,0.3234152652005175
Schaffhausen,2017,4430.0,11.0,0.2483069977426636
Schaffhausen,2018,4190.0,11.0,0.2625298329355608
Schaffhausen,2019,4520.0,37.0,0.8185840707964601
Schaffhausen,2020,3268.0,33.0,1.0097919216646267
Schaffhausen,2021,3488.0,43.0,1.2327981651376148
Schaffhausen,2022,3428.0,48.0,1.4002333722287048
Schaffhausen,2023,3854.0,67.0,1.7384535547483135
Schaffhausen,2024,3664.0,77.0,2.101528384279476
Schwyz,2005,10052.0,0.0,0.0
Schwyz,2006,9726.0,0.0,0.0
Schwyz,2007,10836.0,0.0,0.0
Schwyz,2008,10690.0,0.0,0.0
Schwyz,2009,9938.0,0.0,0.0
Schwyz,2010,11518.0,0.0,0.0
Schwyz,2011,13568.0,2.0,0.0147405660377358
Schwyz,2012,13500.0,1.0,0.0074074074074074
Schwyz,2013,11908.0,13.0,0.1091703056768558
Schwyz,2014,11688.0,16.0,0.136892539356605
Schwyz,2015,12676.0,61.0,0.48122436099716
Schwyz,2016,12448.0,53.0,0.425771208226221
Schwyz,2017,12388.0,71.0,0.5731352922182757
Schwyz,2018,11676.0,47.0,0.4025351147653306
Schwyz,2019,11906.0,153.0,1.285066353099278
Schwyz,2020,9394.0,123.0,1.3093463913136043
Schwyz,2021,9650.0,150.0,1.5544041450777202
Schwyz,2022,9620.0,202.0,2.0997920997921
Schwyz,2023,10738.0,243.0,2.262991246042094
Schwyz,2024,9664.0,202.0,2.0902317880794703
Solothurn,2005,11766.0,0.0,0.0
Solothurn,2006,16330.0,0.0,0.0
Solothurn,2007,16814.0,0.0,0.0
Solothurn,2008,16888.0,0.0,0.0
Solothurn,2009,15734.0,0.0,0.0
Solothurn,2010,17754.0,0.0,0.0
Solothurn,2011,19754.0,1.0,0.0050622658702035
Solothurn,2012,19724.0,0.0,0.0
Solothurn,2013,17738.0,3.0,0.0169128424850603
Solothurn,2014,16760.0,8.0,0.0477326968973747
Solothurn,2015,18012.0,38.0,0.210970464135021
Solothurn,2016,17212.0,35.0,0.203346502440158
Solothurn,2017,17056.0,51.0,0.299015009380863
Solothurn,2018,16736.0,28.0,0.1673040152963671
Solothurn,2019,16552.0,176.0,1.0633156114064766
Solothurn,2020,12522.0,131.0,1.046158760581377
Solothurn,2021,12726.0,163.0,1.2808423699512808
Solothurn,2022,12212.0,206.0,1.68686537831641
Solothurn,2023,13394.0,216.0,1.6126623861430494
Solothurn,2024,12272.0,247.0,2.0127118644067794
St. Gallen,2005,26382.0,0.0,0.0
St. Gallen,2006,27534.0,0.0,0.0
St. Gallen,2007,28606.0,0.0,0.0
St. Gallen,2008,28290.0,0.0,0.0
St. Gallen,2009,27494.0,0.0,0.0
St. Gallen,2010,30460.0,0.0,0.0
St. Gallen,2011,34786.0,2.0,0.0057494394296556
St. Gallen,2012,35532.0,1.0,0.0028143645164921
St. Gallen,2013,31994.0,11.0,0.0343814465212227
St. Gallen,2014,30772.0,19.0,0.0617444430001299
St. Gallen,2015,32838.0,59.0,0.1796698946342652
St. Gallen,2016,31578.0,76.0,0.2406738868832731
St. Gallen,2017,30740.0,84.0,0.2732595966167859
St. Gallen,2018,29404.0,58.0,0.1972520745476806
St. Gallen,2019,30794.0,281.0,0.9125154250828084
St. Gallen,2020,22296.0,287.0,1.287226408324363
St. Gallen,2021,23420.0,364.0,1.5542271562766865
St. Gallen,2022,23220.0,464.0,1.9982773471145563
St. Gallen,2023,25134.0,459.0,1.8262115063260924
St. Gallen,2024,23292.0,509.0,2.1852996737077106
Thurgau,2005,13256.0,0.0,0.0
Thurgau,2006,14168.0,0.0,0.0
Thurgau,2007,13996.0,0.0,0.0
Thurgau,2008,14898.0,0.0,0.0
Thurgau,2009,13872.0,0.0,0.0
Thurgau,2010,15396.0,0.0,0.0
Thurgau,2011,17842.0,1.0,0.0056047528304001
Thurgau,2012,18564.0,1.0,0.0053867700926524
Thurgau,2013,17920.0,7.0,0.0390625
Thurgau,2014,16816.0,10.0,0.0594671741198858
Thurgau,2015,17988.0,37.0,0.2056926840115632
Thurgau,2016,17594.0,46.0,0.2614527679890872
Thurgau,2017,16856.0,46.0,0.2728998576174656
Thurgau,2018,16162.0,33.0,0.2041826506620467
Thurgau,2019,18418.0,165.0,0.8958627429688347
Thurgau,2020,13042.0,149.0,1.142462812452078
Thurgau,2021,13414.0,222.0,1.6549873266736248
Thurgau,2022,13384.0,291.0,2.174237895995218
Thurgau,2023,13794.0,261.0,1.8921270117442368
Thurgau,2024,13168.0,295.0,2.2402794653705955
Ticino,2005,31474.0,0.0,0.0
Ticino,2006,32644.0,0.0,0.0
Ticino,2007,35852.0,0.0,0.0
Ticino,2008,35246.0,0.0,0.0
Ticino,2009,32956.0,0.0,0.0
Ticino,2010,36154.0,0.0,0.0
Ticino,2011,38052.0,2.0,0.0052559655208661
Ticino,2012,38908.0,2.0,0.0051403310373188
Ticino,2013,37262.0,5.0,0.0134184960549621
Ticino,2014,37762.0,14.0,0.0370743075048991
Ticino,2015,40562.0,49.0,0.120802721759282
Ticino,2016,39552.0,60.0,0.1516990291262135
Ticino,2017,38348.0,58.0,0.1512464796078022
Ticino,2018,35488.0,38.0,0.107078449053201
Ticino,2019,36572.0,186.0,0.5085858033468227
Ticino,2020,28674.0,217.0,0.7567831484968961
Ticino,2021,28774.0,283.0,0.9835267950232848
Ticino,2022,27868.0,397.0,1.424572986938424
Ticino,2023,31302.0,436.0,1.3928822439460735
Ticino,2024,27800.0,353.0,1.2697841726618706
Uri,2005,1648.0,0.0,0.0
Uri,2006,1648.0,0.0,0.0
Uri,2007,1640.0,0.0,0.0
Uri,2008,1686.0,0.0,0.0
Uri,2009,1782.0,0.0,0.0
Uri,2010,1886.0,0.0,0.0
Uri,2011,2194.0,0.0,0.0
Uri,2012,2392.0,0.0,0.0
Uri,2013,2130.0,0.0,0.0
Uri,2014,1980.0,0.0,0.0
Uri,2015,2288.0,0.0,0.0
Uri,2016,2166.0,4.0,0.1846722068328716
Uri,2017,2260.0,2.0,0.0884955752212389
Uri,2018,2042.0,1.0,0.048971596474045
Uri,2019,2114.0,8.0,0.3784295175023652
Uri,2020,1704.0,11.0,0.6455399061032864
Uri,2021,1744.0,15.0,0.8600917431192661
Uri,2022,1560.0,12.0,0.7692307692307693
Uri,2023,1846.0,16.0,0.8667388949079089
Uri,2024,1680.0,18.0,1.0714285714285714
Valais / Wallis,2005,18730.0,0.0,0.0
Valais / Wallis,2006,17516.0,0.0,0.0
Valais / Wallis,2007,19458.0,0.0,0.0
Valais / Wallis,2008,20586.0,0.0,0.0
Valais / Wallis,2009,20308.0,0.0,0.0
Valais / Wallis,2010,22886.0,0.0,0.0
Valais / Wallis,2011,24460.0,0.0,0.0
Valais / Wallis,2012,25208.0,0.0,0.0
Valais / Wallis,2013,22544.0,4.0,0.0177430801987224
Valais / Wallis,2014,21504.0,11.0,0.0511532738095238
Valais / Wallis,2015,24094.0,42.0,0.1743172574084834
Valais / Wallis,2016,23008.0,47.0,0.2042767732962447
Valais / Wallis,2017,22514.0,83.0,0.3686595007550857
Valais / Wallis,2018,20924.0,39.0,0.1863888357866564
Valais / Wallis,2019,22204.0,194.0,0.8737164474869392
Valais / Wallis,2020,17082.0,220.0,1.2879053974944386
Valais / Wallis,2021,18344.0,375.0,2.0442651548190147
Valais / Wallis,2022,17764.0,527.0,2.966674172483675
Valais / Wallis,2023,18666.0,304.0,1.6286295939140685
Valais / Wallis,2024,18272.0,282.0,1.5433450087565674
Vaud,2005,57700.0,0.0,0.0
Vaud,2006,60376.0,0.0,0.0
Vaud,2007,64104.0,0.0,0.0
Vaud,2008,66026.0,0.0,0.0
Vaud,2009,60614.0,0.0,0.0
Vaud,2010,67556.0,0.0,0.0
Vaud,2011,74100.0,9.0,0.0121457489878542
Vaud,2012,71514.0,1.0,0.0013983276001901
Vaud,2013,66178.0,13.0,0.0196439904499984
Vaud,2014,62818.0,27.0,0.0429813110891782
Vaud,2015,68152.0,113.0,0.1658058457565442
Vaud,2016,62002.0,143.0,0.230637721363827
Vaud,2017,64506.0,218.0,0.3379530586302049
Vaud,2018,59854.0,164.0,0.2740000668292845
Vaud,2019,63166.0,832.0,1.3171642972485198
Vaud,2020,47330.0,806.0,1.70293682653708
Vaud,2021,48394.0,1029.0,2.1262966483448364
Vaud,2022,44988.0,1299.0,2.8874366497732726
Vaud,2023,48516.0,1263.0,2.603264902300272
Vaud,2024,46242.0,1251.0,2.70533281432464
Zug,2005,10596.0,0.0,0.0
Zug,2006,10988.0,0.0,0.0
Zug,2007,11900.0,0.0,0.0
Zug,2008,12612.0,0.0,0.0
Zug,2009,10808.0,0.0,0.0
Zug,2010,11908.0,0.0,0.0
Zug,2011,14598.0,0.0,0.0
Zug,2012,14544.0,0.0,0.0
Zug,2013,13534.0,9.0,0.066499187232156
Zug,2014,13356.0,22.0,0.1647199760407307
Zug,2015,14422.0,74.0,0.5131049785050616
Zug,2016,15574.0,67.0,0.4302041864646205
Zug,2017,16292.0,81.0,0.497176528357476
Zug,2018,17020.0,79.0,0.4641598119858989
Zug,2019,19450.0,203.0,1.0437017994858613
Zug,2020,18176.0,254.0,1.3974471830985915
Zug,2021,19468.0,270.0,1.3868913088144648
Zug,2022,19542.0,460.0,2.353904411012179
Zug,2023,23022.0,383.0,1.6636260967769958
Zug,2024,22736.0,357.0,1.5701970443349755
Zürich,2005,101080.0,0.0,0.0
Zürich,2006,106560.0,0.0,0.0
Zürich,2007,112042.0,0.0,0.0
Zürich,2008,115134.0,0.0,0.0
Zürich,2009,102782.0,0.0,0.0
Zürich,2010,111470.0,2.0,0.0017942047187584
Zürich,2011,120868.0,25.0,0.0206837210841579
Zürich,2012,126976.0,8.0,0.0063004032258064
Zürich,2013,119870.0,77.0,0.0642362559439392
Zürich,2014,125912.0,170.0,0.1350149310629646
Zürich,2015,136760.0,471.0,0.344398947060544
Zürich,2016,140940.0,465.0,0.3299276287782035
Zürich,2017,137540.0,478.0,0.3475352624690999
Zürich,2018,133816.0,395.0,0.2951814431757039
Zürich,2019,138762.0,1443.0,1.03991006183249
Zürich,2020,102888.0,1685.0,1.637703133504393
Zürich,2021,101648.0,1729.0,1.7009680465921613
Zürich,2022,91998.0,2094.0,2.276136437748647
Zürich,2023,112154.0,2335.0,2.081958735310377
Zürich,2024,110664.0,2279.0,2.0593869731800765
